id,title,empresa,local,salary_min,salary_max,description,created,area_busca,termo_busca,data_coleta,redirect_url,skills
5844655734,Cientista De Dados,Não informado,"Londrina, Paraná",,,"Cientista De Dados - O cenário ideal para expandir ideias através das ferramentas certas, contribuindo para nosso sucesso num ambiente colaborativo. Sobre o Papel:Procuramos Cientista de Dados, que queira aprender e transformar sua carreira. Principais Responsabilidades:Responsável por sustentar e criar modelos de ML, seguindo MLOPs. Capaz de tomar decisões de baixa e média complexidade, propor soluções e interagir com os demais colaboradores internos e do cliente. Competências Técnicas:Cientis…",2026-08-16T20:15:20Z,dados,cientista de dados,2026-08-19,https://www.adzuna.com.br/details/5844655734?utm_medium=api&utm_source=1a779ec3,Machine Learning
5807533103,Cientista de Dados,BRQ,Brasil,,,"Estamos em busca de um(a) Cientista de Dados Sênior com sólida experiência em Machine Learning Clássico, otimização matemática e Pesquisa Operacional para atuar no desenvolvimento de soluções analíticas que apoiem a tomada de decisão e a otimização de processos de negócio. Responsabilidades Desenvolver modelos de Machine Learning Clássico para problemas de previsão, classificação e regressão. Projetar e implementar modelos de otimização para resolução de problemas complexos de negócio. Construi…",2026-07-19T19:42:24Z,dados,cientista de dados,2026-08-19,https://www.adzuna.com.br/details/5807533103?utm_medium=api&utm_source=1a779ec3,Machine Learning
5693765426,Cientista de Dados,Arht Consultoria De Rh,"Estrela Dalva, Belo Horizonte",84000.0,96000.0,"Atividades: O Cientista de dados será responsável por coletar, organizar, analisar e interpretar dados brutos. Realizando a transformação e organizando estas informações em um formato compreensível e visualmente atraente que aumente a produtividade e ajude nos processos de tomada de decisão. Atuará de forma estratégica no desenvolvimento de soluções baseadas em machine learning e inteligência artificial, com foco em gerar insights e automações que impulsionem decisões do negócio. Responsabilida…",2026-04-08T18:19:18Z,dados,cientista de dados,2026-08-19,https://www.adzuna.com.br/details/5693765426?utm_medium=api&utm_source=1a779ec3,Machine Learning
5804243243,Cientista de Dados,Não informado,"São José dos Campos, Estado de São Paulo",,,"Estamos em busca de um(a) Cientista de Dados apaixonado(a) por Inteligência Artificial para atuar no desenvolvimento de soluções inovadoras voltadas ao projeto Free Flow , contribuindo para a evolução de tecnologias que transformam a mobilidade inteligente. Você fará parte de um time multidisciplinar, participando da criação e otimização de modelos de Machine Learning, Deep Learning e IA Generativa, desenvolvimento de soluções de Visão Computacional, análise de grandes volumes de dados e evoluç…",2026-07-16T23:47:32Z,dados,cientista de dados,2026-08-19,https://www.adzuna.com.br/details/5804243243?utm_medium=api&utm_source=1a779ec3,Machine Learning
5804243243,Cientista de Dados,Não informado,"São José dos Campos, Estado de São Paulo",,,"Estamos em busca de um(a) Cientista de Dados apaixonado(a) por Inteligência Artificial para atuar no desenvolvimento de soluções inovadoras voltadas ao projeto Free Flow , contribuindo para a evolução de tecnologias que transformam a mobilidade inteligente. Você fará parte de um time multidisciplinar, participando da criação e otimização de modelos de Machine Learning, Deep Learning e IA Generativa, desenvolvimento de soluções de Visão Computacional, análise de grandes volumes de dados e evoluç…",2026-07-16T23:47:32Z,dados,cientista de dados,2026-08-19,https://www.adzuna.com.br/details/5804243243?utm_medium=api&utm_source=1a779ec3,Deep Learning
4934504421,Cientista de Dados,Vitta,Brasil,,,"Atividades: Criar e integrar modelos estatísticos para inferência e predição. Gerar análises e criar insights de oportunidade de negócio que possibilitem novas formas de atuação. Conectar unidades de negócio com a estrutura de dados. Buscar inovação e aplicá-la aos negócios. Formação: Graduação superior completa em Estatística, Matemática, Computação ou correlatas. Conhecimentos específicos: Ferramentas de modelagem estatística R, Python e SQL. Experiência com algoritmos de machine learning. Co…",2024-11-11T09:39:52Z,dados,cientista de dados,2026-08-19,https://www.adzuna.com.br/details/4934504421?utm_medium=api&utm_source=1a779ec3,Python
4934504421,Cientista de Dados,Vitta,Brasil,,,"Atividades: Criar e integrar modelos estatísticos para inferência e predição. Gerar análises e criar insights de oportunidade de negócio que possibilitem novas formas de atuação. Conectar unidades de negócio com a estrutura de dados. Buscar inovação e aplicá-la aos negócios. Formação: Graduação superior completa em Estatística, Matemática, Computação ou correlatas. Conhecimentos específicos: Ferramentas de modelagem estatística R, Python e SQL. Experiência com algoritmos de machine learning. Co…",2024-11-11T09:39:52Z,dados,cientista de dados,2026-08-19,https://www.adzuna.com.br/details/4934504421?utm_medium=api&utm_source=1a779ec3,SQL
4934504421,Cientista de Dados,Vitta,Brasil,,,"Atividades: Criar e integrar modelos estatísticos para inferência e predição. Gerar análises e criar insights de oportunidade de negócio que possibilitem novas formas de atuação. Conectar unidades de negócio com a estrutura de dados. Buscar inovação e aplicá-la aos negócios. Formação: Graduação superior completa em Estatística, Matemática, Computação ou correlatas. Conhecimentos específicos: Ferramentas de modelagem estatística R, Python e SQL. Experiência com algoritmos de machine learning. Co…",2024-11-11T09:39:52Z,dados,cientista de dados,2026-08-19,https://www.adzuna.com.br/details/4934504421?utm_medium=api&utm_source=1a779ec3,Machine Learning
5831022620,Cientista de Dados,Grupo Portfolio,"Fortaleza, Ceará",,,"Sobre a vaga: Sobre nós: - O Grupo Portfolio atua desde 2008 na área de consultoria em gestão de projetos, processos e no desenvolvimento de soluções tecnológicas para empresas em todo o país e consolidou-se em garantir entregas de excelência para os seus clientes. Somos GPTW O que você fará: - Desenvolver e implementar estudos e análises de dados avançadas e modelos de Machine Learning; - Compreensão dos negócios e capacidade de traduzir problemas de negócios em soluções técnicas. - Tomada de …",2026-08-06T18:46:25Z,dados,cientista de dados,2026-08-19,https://www.adzuna.com.br/details/5831022620?utm_medium=api&utm_source=1a779ec3,Machine Learning
5831022620,Cientista de Dados,Grupo Portfolio,"Fortaleza, Ceará",,,"Sobre a vaga: Sobre nós: - O Grupo Portfolio atua desde 2008 na área de consultoria em gestão de projetos, processos e no desenvolvimento de soluções tecnológicas para empresas em todo o país e consolidou-se em garantir entregas de excelência para os seus clientes. Somos GPTW O que você fará: - Desenvolver e implementar estudos e análises de dados avançadas e modelos de Machine Learning; - Compreensão dos negócios e capacidade de traduzir problemas de negócios em soluções técnicas. - Tomada de …",2026-08-06T18:46:25Z,dados,cientista de dados,2026-08-19,https://www.adzuna.com.br/details/5831022620?utm_medium=api&utm_source=1a779ec3,Excel
5832344678,Cientista de Dados,Confidencial,"São Paulo, Estado de São Paulo",,,"Graduação em Estatística, Matemática, Ciência da Computação, Engenharia, Física ou áreas correlatas. Profundo domínio de estatística, modelagem e frameworks avançados de machine learning, além de experiência em análise causal. Vivência em deploy, monitoramento, automação e ajuste de modelos em ambientes de grande escala. Domínio de Python para ciência de dados (pandas, NumPy, scikit-learn) e de frameworks de gradient boosting (XGBoost, LightGBM), além de SQL avançado em bancos relacionais (ex.:…",2026-08-07T18:36:03Z,dados,cientista de dados,2026-08-19,https://www.adzuna.com.br/details/5832344678?utm_medium=api&utm_source=1a779ec3,Python
5832344678,Cientista de Dados,Confidencial,"São Paulo, Estado de São Paulo",,,"Graduação em Estatística, Matemática, Ciência da Computação, Engenharia, Física ou áreas correlatas. Profundo domínio de estatística, modelagem e frameworks avançados de machine learning, além de experiência em análise causal. Vivência em deploy, monitoramento, automação e ajuste de modelos em ambientes de grande escala. Domínio de Python para ciência de dados (pandas, NumPy, scikit-learn) e de frameworks de gradient boosting (XGBoost, LightGBM), além de SQL avançado em bancos relacionais (ex.:…",2026-08-07T18:36:03Z,dados,cientista de dados,2026-08-19,https://www.adzuna.com.br/details/5832344678?utm_medium=api&utm_source=1a779ec3,SQL
5832344678,Cientista de Dados,Confidencial,"São Paulo, Estado de São Paulo",,,"Graduação em Estatística, Matemática, Ciência da Computação, Engenharia, Física ou áreas correlatas. Profundo domínio de estatística, modelagem e frameworks avançados de machine learning, além de experiência em análise causal. Vivência em deploy, monitoramento, automação e ajuste de modelos em ambientes de grande escala. Domínio de Python para ciência de dados (pandas, NumPy, scikit-learn) e de frameworks de gradient boosting (XGBoost, LightGBM), além de SQL avançado em bancos relacionais (ex.:…",2026-08-07T18:36:03Z,dados,cientista de dados,2026-08-19,https://www.adzuna.com.br/details/5832344678?utm_medium=api&utm_source=1a779ec3,Machine Learning
5832344678,Cientista de Dados,Confidencial,"São Paulo, Estado de São Paulo",,,"Graduação em Estatística, Matemática, Ciência da Computação, Engenharia, Física ou áreas correlatas. Profundo domínio de estatística, modelagem e frameworks avançados de machine learning, além de experiência em análise causal. Vivência em deploy, monitoramento, automação e ajuste de modelos em ambientes de grande escala. Domínio de Python para ciência de dados (pandas, NumPy, scikit-learn) e de frameworks de gradient boosting (XGBoost, LightGBM), além de SQL avançado em bancos relacionais (ex.:…",2026-08-07T18:36:03Z,dados,cientista de dados,2026-08-19,https://www.adzuna.com.br/details/5832344678?utm_medium=api&utm_source=1a779ec3,Pandas
5821320220,Analista de dados financeiros,Emergent Cold LatAm,"São Paulo, Estado de São Paulo",,,"Faça parte do nosso time Se você gosta de crescimento acelerado e de trabalhar em equipe, com pessoas entusiasmadas e que buscam sempre a excelência, você vai adorar sua carreira conosco! Faz parte dos nossos valores e código de conduta da Emergent Cold oferecer igualdade de oportunidades de emprego (EEO) a todas as pessoas, independentemente de idade, cor, nacionalidade, cidadania, deficiência física ou mental, raça, religião, credo, gênero, sexo, orientação sexual, identidade e/ou expressão d…",2026-07-30T12:54:57Z,dados,analista de dados,2026-08-19,https://www.adzuna.com.br/land/ad/5821320220?se=uBDOct-b8RGBvP_3XcdHnA&utm_medium=api&utm_source=1a779ec3&v=80DA7305E7FB8949BBFE57EF2DFF30537E8E1D66,Excel
5812917269,Analista Dados Sr,Stefanini Group,Brasil,,,"Description Estamos em busca de um(a) Analista de Dados para atuar em um projeto estratégico de migração de dados para a AWS, participando da modernização do ambiente analítico e contribuindo com a construção, manutenção e otimização de pipelines de dados. Responsibilities Atuar na migração de bases e procedimentos armazenados (Stored Procedures) do SQL Server para o ecossistema AWS. Desenvolver, manter e otimizar pipelines de dados utilizando serviços AWS. Criar e manter rotinas de ETL/ELT uti…",2026-07-23T19:40:51Z,dados,analista de dados,2026-08-19,https://www.adzuna.com.br/details/5812917269?utm_medium=api&utm_source=1a779ec3,SQL
5812917269,Analista Dados Sr,Stefanini Group,Brasil,,,"Description Estamos em busca de um(a) Analista de Dados para atuar em um projeto estratégico de migração de dados para a AWS, participando da modernização do ambiente analítico e contribuindo com a construção, manutenção e otimização de pipelines de dados. Responsibilities Atuar na migração de bases e procedimentos armazenados (Stored Procedures) do SQL Server para o ecossistema AWS. Desenvolver, manter e otimizar pipelines de dados utilizando serviços AWS. Criar e manter rotinas de ETL/ELT uti…",2026-07-23T19:40:51Z,dados,analista de dados,2026-08-19,https://www.adzuna.com.br/details/5812917269?utm_medium=api&utm_source=1a779ec3,AWS
5830977496,Analista Dados Jr,Manserv,"São Caetano do Sul, Estado de São Paulo",,,"Descrição das Responsabilidades: Auxiliar na elaboração de dashboards e painéis de acompanhamento de resultados; Desenvolver e atualizar relatórios operacionais e gerenciais em Excel, Power BI ou outras ferramentas de Business Intelligence; Apoiar a criação e acompanhamento de indicadores de desempenho (KPIs) para as áreas de negócio; Participar de auditorias de dados mediante a preparação de documentos e relatórios; Seguir normas e procedimentos de Qualidade, Segurança e Meio Ambiente mediante…",2026-08-06T18:43:29Z,dados,analista de dados,2026-08-19,https://www.adzuna.com.br/details/5830977496?utm_medium=api&utm_source=1a779ec3,Excel
5830977496,Analista Dados Jr,Manserv,"São Caetano do Sul, Estado de São Paulo",,,"Descrição das Responsabilidades: Auxiliar na elaboração de dashboards e painéis de acompanhamento de resultados; Desenvolver e atualizar relatórios operacionais e gerenciais em Excel, Power BI ou outras ferramentas de Business Intelligence; Apoiar a criação e acompanhamento de indicadores de desempenho (KPIs) para as áreas de negócio; Participar de auditorias de dados mediante a preparação de documentos e relatórios; Seguir normas e procedimentos de Qualidade, Segurança e Meio Ambiente mediante…",2026-08-06T18:43:29Z,dados,analista de dados,2026-08-19,https://www.adzuna.com.br/details/5830977496?utm_medium=api&utm_source=1a779ec3,Power BI
5833566054,Analista Dados Jr,Manserv,"São Caetano do Sul, Estado de São Paulo",,,"Descrição das Responsabilidades: Auxiliar na elaboração de dashboards e painéis de acompanhamento de resultados; Desenvolver e atualizar relatórios operacionais e gerenciais em Excel, Power BI ou outras ferramentas de Business Intelligence; Apoiar a criação e acompanhamento de indicadores de desempenho (KPIs) para as áreas de negócio; Participar de auditorias de dados mediante a preparação de documentos e relatórios; Seguir normas e procedimentos de Qualidade, Segurança e Meio Ambiente mediante…",2026-08-08T11:56:02Z,dados,analista de dados,2026-08-19,https://www.adzuna.com.br/details/5833566054?utm_medium=api&utm_source=1a779ec3,Excel
5833566054,Analista Dados Jr,Manserv,"São Caetano do Sul, Estado de São Paulo",,,"Descrição das Responsabilidades: Auxiliar na elaboração de dashboards e painéis de acompanhamento de resultados; Desenvolver e atualizar relatórios operacionais e gerenciais em Excel, Power BI ou outras ferramentas de Business Intelligence; Apoiar a criação e acompanhamento de indicadores de desempenho (KPIs) para as áreas de negócio; Participar de auditorias de dados mediante a preparação de documentos e relatórios; Seguir normas e procedimentos de Qualidade, Segurança e Meio Ambiente mediante…",2026-08-08T11:56:02Z,dados,analista de dados,2026-08-19,https://www.adzuna.com.br/details/5833566054?utm_medium=api&utm_source=1a779ec3,Power BI
5847298359,Analista Dados Jr,Citrosuco,"Matão, Estado de São Paulo",,,"Missão- Responsável por estruturar bases de dados e auxiliar na construção de planos amostrais e estudos das variáveis climáticas, irrigação, adubação, poda, adensamento, porta enxerto, entre outros, correlacionando-as com a produtividade do pomar e qualidade da fruta das fazendas da Citrosuco - Responsabilidade do cargo- Auxiliar na limpeza, organização e processamento dos dados, utilizando ferramentas do Power BI e linguagens como Python ou R ou SQL, para construir relatórios, gráficos, dashb…",2026-08-18T18:53:46Z,dados,analista de dados,2026-08-19,https://www.adzuna.com.br/details/5847298359?utm_medium=api&utm_source=1a779ec3,Python
5847298359,Analista Dados Jr,Citrosuco,"Matão, Estado de São Paulo",,,"Missão- Responsável por estruturar bases de dados e auxiliar na construção de planos amostrais e estudos das variáveis climáticas, irrigação, adubação, poda, adensamento, porta enxerto, entre outros, correlacionando-as com a produtividade do pomar e qualidade da fruta das fazendas da Citrosuco - Responsabilidade do cargo- Auxiliar na limpeza, organização e processamento dos dados, utilizando ferramentas do Power BI e linguagens como Python ou R ou SQL, para construir relatórios, gráficos, dashb…",2026-08-18T18:53:46Z,dados,analista de dados,2026-08-19,https://www.adzuna.com.br/details/5847298359?utm_medium=api&utm_source=1a779ec3,SQL
5847298359,Analista Dados Jr,Citrosuco,"Matão, Estado de São Paulo",,,"Missão- Responsável por estruturar bases de dados e auxiliar na construção de planos amostrais e estudos das variáveis climáticas, irrigação, adubação, poda, adensamento, porta enxerto, entre outros, correlacionando-as com a produtividade do pomar e qualidade da fruta das fazendas da Citrosuco - Responsabilidade do cargo- Auxiliar na limpeza, organização e processamento dos dados, utilizando ferramentas do Power BI e linguagens como Python ou R ou SQL, para construir relatórios, gráficos, dashb…",2026-08-18T18:53:46Z,dados,analista de dados,2026-08-19,https://www.adzuna.com.br/details/5847298359?utm_medium=api&utm_source=1a779ec3,R
5847298359,Analista Dados Jr,Citrosuco,"Matão, Estado de São Paulo",,,"Missão- Responsável por estruturar bases de dados e auxiliar na construção de planos amostrais e estudos das variáveis climáticas, irrigação, adubação, poda, adensamento, porta enxerto, entre outros, correlacionando-as com a produtividade do pomar e qualidade da fruta das fazendas da Citrosuco - Responsabilidade do cargo- Auxiliar na limpeza, organização e processamento dos dados, utilizando ferramentas do Power BI e linguagens como Python ou R ou SQL, para construir relatórios, gráficos, dashb…",2026-08-18T18:53:46Z,dados,analista de dados,2026-08-19,https://www.adzuna.com.br/details/5847298359?utm_medium=api&utm_source=1a779ec3,Power BI
5847308529,Analista Dados Administrativo e Assistencial,Hospital e Maternidade Nossa Senhora de Fátima,"Curitiba, Paraná",,,"ANALISTA DADOS ADMINISTRATIVO E ASSISTENCIAL Modalidade Presencial Segunda a Quinta das 08:00 às 18:00 e Sexta das 09:00 às 19:00 Requisitos: Bacharel em Estatística, Matemática, Ciências da Computação, Administração, Enfermagem ou áreas correlatas. Experiência com ferramentas de análise de dados. Familiaridade com softwares de visualização de dados como Tableau, Power BI. Conhecimentos em sistemas de gestão Atividades: Análise de Dados: Coletar, processar e analisar dados administrativos e ass…",2026-08-18T18:54:33Z,dados,analista de dados,2026-08-19,https://www.adzuna.com.br/details/5847308529?utm_medium=api&utm_source=1a779ec3,Power BI
5847338603,Analista Dados Estatisticos Jr,BP - A Beneficência Portuguesa de São Paulo,"São Paulo, Estado de São Paulo",,,"Excelente porque somos plurais! Cada pessoa que compõe a BP tem uma história de vida, uma trajetória, uma visão de mundo. E ao somarmos essas visões, vemos os desafios que temos de outros ângulos trazendo novas respostas para as velhas perguntas, e ajudando a fazer novas perguntas. É dessa forma que a inovação está sempre presente, de uma forma prática, funcional e que melhora a vida das pessoas. E assim vamos engrandecendo o nosso jeito de ser BP. Responsabilidades e atribuições - Elaborar fic…",2026-08-18T18:57:48Z,dados,analista de dados,2026-08-19,https://www.adzuna.com.br/details/5847338603?utm_medium=api&utm_source=1a779ec3,Excel
5847263188,TEMPORÁRIO | Analista Dados Mestre PL,RANDSTAD PARCEIRO COCA-COLA FEMSA,"Jundiaí, Estado de São Paulo",,,"SUMÁRIO DO CARGO Responsável por garantir a confiabilidade e disponibilidade dos dados de Compras, transformando-os em insights para decisões estratégicas. Gerencia relatórios e dashboards em Power BI, assegurando a integridade das informações e identificando oportunidades de automação. PRINCIPAIS RESPONSABILIDADES - Centralizar a gestão da informação de modo a trazer confiabilidade nos dados de Compras. - Transformar os dados em insights valiosos que auxiliem a liderança na tomada de decisões …",2026-08-18T18:49:27Z,dados,analista de dados,2026-08-19,https://www.adzuna.com.br/details/5847263188?utm_medium=api&utm_source=1a779ec3,Power BI
5833571632,Pessoa Engenheira dados / BI - Sênior,BIP Brasil,Brasil,,,"Description Como Pessoa Engenheira de Dados / BI aqui na Bip, você atuará em projetos estratégicos, desenvolvendo e evoluindo soluções de dados e inteligência de negócios que apoiam a tomada de decisão e impulsionam a transformação digital dos nossos clientes. Você fará parte de um ambiente colaborativo, trabalhando com equipes multidisciplinares e profissionais que geram impactos e transformações positivas por meio da tecnologia e dos dados. Se você possui perfil analítico, facilidade para res…",2026-08-08T12:03:21Z,dados,engenheiro de dados,2026-08-19,https://www.adzuna.com.br/details/5833571632?utm_medium=api&utm_source=1a779ec3,Git
5833598275,Pessoa Engenheira dados / BI - Pleno,BIP Brasil,Brasil,,,"Description Como Engenheiro(a) de Dados / BI aqui na Bip, você atuará em projetos estratégicos, desenvolvendo e evoluindo soluções de dados e inteligência de negócios que apoiam a tomada de decisão e impulsionam a transformação digital dos nossos clientes. Você fará parte de um ambiente colaborativo, trabalhando com equipes multidisciplinares e profissionais que geram impactos e transformações positivas por meio da tecnologia e dos dados. Se você possui perfil analítico, facilidade para resolve…",2026-08-08T12:26:00Z,dados,engenheiro de dados,2026-08-19,https://www.adzuna.com.br/details/5833598275?utm_medium=api&utm_source=1a779ec3,Git
5787401046,Engenheiro de Dados,Não informado,"São Paulo, Estado de São Paulo",,,"Engenheiro de Dados Nível Sênior 100 Remoto Sólida experiência com ADF (Azure Data Factory), Experiência com pipelines de dados, DBT e Snowflake, Imprescindível inglês avançado, para atuação em projeto global, Atuação 100 remota.",2026-07-03T21:39:23Z,dados,engenheiro de dados,2026-08-19,https://www.adzuna.com.br/details/5787401046?utm_medium=api&utm_source=1a779ec3,Azure
5702835437,Engenheiro De Dados,Grupo Mooven,Brasil,,,Responsabilidades: Engenheiro de dados para atuar em frente de DataOps. Deverá atuar na melhoria continua da plataforma e propor novas features e otimizações de nossa plataforma de dados. Requisitos Python DBT Google Bigquery Google Dataflow Google Kubernetes Engine (GKE) Google Composer (Airflow) Desejável Java,2026-04-17T17:27:11Z,dados,engenheiro de dados,2026-08-19,https://www.adzuna.com.br/details/5702835437?utm_medium=api&utm_source=1a779ec3,Python
5702835437,Engenheiro De Dados,Grupo Mooven,Brasil,,,Responsabilidades: Engenheiro de dados para atuar em frente de DataOps. Deverá atuar na melhoria continua da plataforma e propor novas features e otimizações de nossa plataforma de dados. Requisitos Python DBT Google Bigquery Google Dataflow Google Kubernetes Engine (GKE) Google Composer (Airflow) Desejável Java,2026-04-17T17:27:11Z,dados,engenheiro de dados,2026-08-19,https://www.adzuna.com.br/details/5702835437?utm_medium=api&utm_source=1a779ec3,Kubernetes
5718923240,Engenheiro de Dados,Não informado,"São Paulo, Estado de São Paulo",,,"Engenheiro de Dados Nível Sênior - 100 Remoto Sólida experiência com pipelines e governança utilizando Databricks, Azure Data Factory e Unity Catalog, Experiência com ETL/ELT utilizando PySpark e SQL, Experiência com implementação de CI/CD utilizando Azure DevOps, Imprescindível inglês avançado, Atuação 100 remota.",2026-05-04T21:15:19Z,dados,engenheiro de dados,2026-08-19,https://www.adzuna.com.br/details/5718923240?utm_medium=api&utm_source=1a779ec3,SQL
5718923240,Engenheiro de Dados,Não informado,"São Paulo, Estado de São Paulo",,,"Engenheiro de Dados Nível Sênior - 100 Remoto Sólida experiência com pipelines e governança utilizando Databricks, Azure Data Factory e Unity Catalog, Experiência com ETL/ELT utilizando PySpark e SQL, Experiência com implementação de CI/CD utilizando Azure DevOps, Imprescindível inglês avançado, Atuação 100 remota.",2026-05-04T21:15:19Z,dados,engenheiro de dados,2026-08-19,https://www.adzuna.com.br/details/5718923240?utm_medium=api&utm_source=1a779ec3,Azure
5778388522,Engenheiros de Dados,Não informado,"São Paulo, Estado de São Paulo",,,"Engenheiros de Dados Nível Sênior (3 vagas) - 90 Remoto Sólida experiência com desenvolvimento e sustentação (troubleshooting) ao Oracle Data Integrator (ODI), Experiência com ETL, integração de dados, SQL e PL/SQL, Experiência com Data Lake e ferramentas de BI, Imprescindível certificação Oracle, Imprescindível inglês avançado, para atuação em projeto global, Disponibilidade para eventuais reuniões presenciais.",2026-06-26T21:36:55Z,dados,engenheiro de dados,2026-08-19,https://www.adzuna.com.br/details/5778388522?utm_medium=api&utm_source=1a779ec3,SQL
5845447466,Engenheiro de dados,Innolevels,"São Paulo, Estado de São Paulo",108000.0,108000.0,"Estamos contratando Engenheiro de Dados para a execução de projetos de transformação digital, desenvolvendo ferramentas inovadoras para entregar a melhor experiência para os usuários da plataforma de uma grande empresa de telecomunicação. Entendemos que para essa evolução, é necessário o conhecimento em: ETL ; Power Center e/ou IICS ; Conhecimento em modelagem de dados ; Banco de dados Oracle ; Conhecimentos básicos em Unix/Linux . Híbrido - São Paulo, SP Tem interesse? Candidate-se a nossa vag…",2026-08-17T18:52:03Z,dados,engenheiro de dados,2026-08-19,https://www.adzuna.com.br/details/5845447466?utm_medium=api&utm_source=1a779ec3,Git
5404982677,Engenheiro de Dados,Jobhome Contact Center,"São Paulo, Estado de São Paulo",,," VAGA ABERTA | Engenheiro(a) / Analista de Dados – JobHome A JobHome está em busca de um(a) Engenheiro(a) ou Analista de Dados para atuar em projetos desafiadores , com foco em automações, integração de sistemas e manipulação de dados em larga escala . Se você tem perfil analítico, técnico e gosta de desenvolver soluções inteligentes com dados , essa pode ser uma excelente oportunidade!   Local: Vila Prudente – Zona Leste de São Paulo  Formato: Presencial (com possibilidade de híbrido após perí…",2025-09-18T15:09:38Z,dados,engenheiro de dados,2026-08-19,https://www.adzuna.com.br/details/5404982677?utm_medium=api&utm_source=1a779ec3,Excel
5801863515,Engenheiro de Dados,Bossa Invest,"São Paulo, Estado de São Paulo",,,"Sobre a vaga A vaga de Engenheiro(a) de Dados é uma oportunidade única para profissionais experientes em desenvolver e manter pipelines de dados eficientes e escaláveis, utilizando serviços como S3, RDS, Lambda, pyton, SQL, etc.  As responsabilidades incluem traduzir regras de negócio em processos de tratamento de dados, projetar e construir pipelines ETL/ELT, e gerenciar bases de dados estruturadas e não estruturadas.  Além disso, o(a) Engenheiro(a) de Dados será responsável por apoiar times c…",2026-07-15T19:48:56Z,dados,engenheiro de dados,2026-08-19,https://www.adzuna.com.br/details/5801863515?utm_medium=api&utm_source=1a779ec3,SQL
3277658804,Engenheiro de Dados,Innolevels,"São Paulo, Estado de São Paulo",,,"Estamos contratando Engenheiro de Dados para a execução de projetos de transformação digital, desenvolvendo ferramentas inovadoras para entregar a melhor experiência para os usuários da plataforma de uma grande empresa. Entendemos que para essa evolução, é necessário o conhecimento em: · Programação distribuída (Apache Spark, Apache Bean, Flink); · Orquestração de JOBs/ETL (Apache Airflow, Luigi, Askaban); · Programação (Ruby, Java, Python, Scala etc.); · Arquitetura lambda; · SQL; · Modelagem …",2022-06-30T21:46:24Z,dados,engenheiro de dados,2026-08-19,https://www.adzuna.com.br/details/3277658804?utm_medium=api&utm_source=1a779ec3,Python
3277658804,Engenheiro de Dados,Innolevels,"São Paulo, Estado de São Paulo",,,"Estamos contratando Engenheiro de Dados para a execução de projetos de transformação digital, desenvolvendo ferramentas inovadoras para entregar a melhor experiência para os usuários da plataforma de uma grande empresa. Entendemos que para essa evolução, é necessário o conhecimento em: · Programação distribuída (Apache Spark, Apache Bean, Flink); · Orquestração de JOBs/ETL (Apache Airflow, Luigi, Askaban); · Programação (Ruby, Java, Python, Scala etc.); · Arquitetura lambda; · SQL; · Modelagem …",2022-06-30T21:46:24Z,dados,engenheiro de dados,2026-08-19,https://www.adzuna.com.br/details/3277658804?utm_medium=api&utm_source=1a779ec3,SQL
3277658804,Engenheiro de Dados,Innolevels,"São Paulo, Estado de São Paulo",,,"Estamos contratando Engenheiro de Dados para a execução de projetos de transformação digital, desenvolvendo ferramentas inovadoras para entregar a melhor experiência para os usuários da plataforma de uma grande empresa. Entendemos que para essa evolução, é necessário o conhecimento em: · Programação distribuída (Apache Spark, Apache Bean, Flink); · Orquestração de JOBs/ETL (Apache Airflow, Luigi, Askaban); · Programação (Ruby, Java, Python, Scala etc.); · Arquitetura lambda; · SQL; · Modelagem …",2022-06-30T21:46:24Z,dados,engenheiro de dados,2026-08-19,https://www.adzuna.com.br/details/3277658804?utm_medium=api&utm_source=1a779ec3,Git
5814561506,Engenheiro de Dados,Grupo H&W Publishing,"Santana de Parnaíba, Estado de São Paulo",,,"Função: Engenheiro(a) de Dados Sênior Modelo de Trabalho: 100% home office Regime de Contratação: Prestador de Serviço (PJ) Pagamento: USD 2,500.00 Sobre a empresa A H&W Publishing é uma holding sediada nos Estados Unidos, especializada em marketing de resposta direta e afiliados, com forte atuação no mercado de nutracêuticos. Fundada por profissionais renomados do marketing digital, a H&W se consolidou rapidamente como referência global no setor. Em seu primeiro ano, alcançou a liderança na Am…",2026-07-24T20:03:03Z,dados,engenheiro de dados,2026-08-19,https://www.adzuna.com.br/details/5814561506?utm_medium=api&utm_source=1a779ec3,Git
5844240881,Desenvolvedor Especialista Data Cloud,AI/R WEBJUMP,"São Paulo, Estado de São Paulo",,,"Sobre a AI/R RUN A AI/R RUN é a frente de Growth Marketing, Data Intelligence, CRM Strategy e Design do grupo AI/R — Agentic AI Software Engineering. Reunimos mais de 500 especialistas certificados nas principais plataformas do mercado (Salesforce, Adobe, AWS, Google Cloud, Microsoft), atuamos hoje em mais de 140 projetos ativos e já entregamos mais de 1.000 projetos de transformação digital para clientes de todos os portes e setores. Somos parceiro Summit da Salesforce, Top 5 Global AgentForce…",2026-08-16T10:46:12Z,tech,desenvolvedor,2026-08-19,https://www.adzuna.com.br/land/ad/5844240881?se=oEHhc9-b8RGvGrvTGRxIcA&utm_medium=api&utm_source=1a779ec3&v=DB9705930A7CE04BFF9656B370602424C74AB860,Git
5844240881,Desenvolvedor Especialista Data Cloud,AI/R WEBJUMP,"São Paulo, Estado de São Paulo",,,"Sobre a AI/R RUN A AI/R RUN é a frente de Growth Marketing, Data Intelligence, CRM Strategy e Design do grupo AI/R — Agentic AI Software Engineering. Reunimos mais de 500 especialistas certificados nas principais plataformas do mercado (Salesforce, Adobe, AWS, Google Cloud, Microsoft), atuamos hoje em mais de 140 projetos ativos e já entregamos mais de 1.000 projetos de transformação digital para clientes de todos os portes e setores. Somos parceiro Summit da Salesforce, Top 5 Global AgentForce…",2026-08-16T10:46:12Z,tech,desenvolvedor,2026-08-19,https://www.adzuna.com.br/land/ad/5844240881?se=oEHhc9-b8RGvGrvTGRxIcA&utm_medium=api&utm_source=1a779ec3&v=DB9705930A7CE04BFF9656B370602424C74AB860,AWS
5847296703,Desenvolvedor,Vaganet,"Brasilia, Distrito Federal",,,"Responsabilidades: Desenvolvedor com Experiência mínima de 5 anos em desenvolvimento, preferencialmente em plataforma cloud; Facilidade de comunicação verbal e escrita; Aptidão para trabalho em equipe; Kubernetes, Angular, Typescript, Javascript, NodeJS e Git; Banco de Dados (Oracle, MongoDB, DB2); Metodologias ágeis, como Scrum e Kanban Conhecimentos desejáveis: Java, Filas Rabbit / IBMMQ; Grafana, Prometheus e PromQL ;",2026-08-18T18:53:42Z,tech,desenvolvedor,2026-08-19,https://www.adzuna.com.br/details/5847296703?utm_medium=api&utm_source=1a779ec3,Git
5847296703,Desenvolvedor,Vaganet,"Brasilia, Distrito Federal",,,"Responsabilidades: Desenvolvedor com Experiência mínima de 5 anos em desenvolvimento, preferencialmente em plataforma cloud; Facilidade de comunicação verbal e escrita; Aptidão para trabalho em equipe; Kubernetes, Angular, Typescript, Javascript, NodeJS e Git; Banco de Dados (Oracle, MongoDB, DB2); Metodologias ágeis, como Scrum e Kanban Conhecimentos desejáveis: Java, Filas Rabbit / IBMMQ; Grafana, Prometheus e PromQL ;",2026-08-18T18:53:42Z,tech,desenvolvedor,2026-08-19,https://www.adzuna.com.br/details/5847296703?utm_medium=api&utm_source=1a779ec3,Kubernetes
5847316479,Desenvolvedor,Digisystem,"Brasilia, Distrito Federal",,,"Responsabilidades: - Desenvolvedor com Experiência mínima de 5 anos em desenvolvimento, preferencialmente em plataforma cloud; - Facilidade de comunicação verbal e escrita; - Aptidão para trabalho em equipe; - Kubernetes, Angular, Typescript, Javascript, NodeJS e Git; - Banco de Dados (Oracle, MongoDB, DB2); - Metodologias ágeis, como Scrum e Kanban Conhecimentos desejáveis: - Java, Filas Rabbit / IBMMQ; - Grafana, Prometheus e PromQL Regime de Contratação: CLT Conhecimentos e Habilidades neces…",2026-08-18T18:55:00Z,tech,desenvolvedor,2026-08-19,https://www.adzuna.com.br/details/5847316479?utm_medium=api&utm_source=1a779ec3,Git
5847316479,Desenvolvedor,Digisystem,"Brasilia, Distrito Federal",,,"Responsabilidades: - Desenvolvedor com Experiência mínima de 5 anos em desenvolvimento, preferencialmente em plataforma cloud; - Facilidade de comunicação verbal e escrita; - Aptidão para trabalho em equipe; - Kubernetes, Angular, Typescript, Javascript, NodeJS e Git; - Banco de Dados (Oracle, MongoDB, DB2); - Metodologias ágeis, como Scrum e Kanban Conhecimentos desejáveis: - Java, Filas Rabbit / IBMMQ; - Grafana, Prometheus e PromQL Regime de Contratação: CLT Conhecimentos e Habilidades neces…",2026-08-18T18:55:00Z,tech,desenvolvedor,2026-08-19,https://www.adzuna.com.br/details/5847316479?utm_medium=api&utm_source=1a779ec3,Kubernetes
5815234109,Desenvolvedor,Captar Agro,Brasil,,,"?? VAGA | DESENVOLVEDOR(A) DE SISTEMAS ERP | SAP BUSINESS ONE Estamos em busca de um(a) Desenvolvedor(a) de Sistemas para atuar no desenvolvimento, customização e integração de soluções corporativas, contribuindo diretamente para a evolução tecnológica e digitalização dos processos da empresa.Principais responsabilidades Desenvolver, customizar e implantar soluções para SAP Business One (SAP B1); Criar integrações entre ERP, balanças, sistemas de rastreabilidade, confinamento e demais sistemas …",2026-07-25T07:24:56Z,tech,desenvolvedor,2026-08-19,https://www.adzuna.com.br/details/5815234109?utm_medium=api&utm_source=1a779ec3,Git
5843651184,Desenvolvedor,Não informado,"São Paulo, Estado de São Paulo",,,"Desenvolvedor - ?? Requisitos: ? Graduação completa em TI ou áreas correlatas; ? Experiência sólida em desenvolvimento de sistemas, e em metodologias ágeis; ? Experiência com linguagens e frameworks: VueJS, PHP (v. 4, 5, 7 e 8), Java, Javascript, Python e WordPress; ? Vivência com Docker,Kubernetes, Git, GitLab, Elasticsearch, Kibana, Logstash, Power BI; ? Experiência com bancos de dados: SQL Server, MySQL e PostgreSQL; ? Desenvolvimento mobile com Flutter será um diferencial. ?? Atividades:Des…",2026-08-15T20:29:03Z,tech,desenvolvedor,2026-08-19,https://www.adzuna.com.br/details/5843651184?utm_medium=api&utm_source=1a779ec3,Python
5843651184,Desenvolvedor,Não informado,"São Paulo, Estado de São Paulo",,,"Desenvolvedor - ?? Requisitos: ? Graduação completa em TI ou áreas correlatas; ? Experiência sólida em desenvolvimento de sistemas, e em metodologias ágeis; ? Experiência com linguagens e frameworks: VueJS, PHP (v. 4, 5, 7 e 8), Java, Javascript, Python e WordPress; ? Vivência com Docker,Kubernetes, Git, GitLab, Elasticsearch, Kibana, Logstash, Power BI; ? Experiência com bancos de dados: SQL Server, MySQL e PostgreSQL; ? Desenvolvimento mobile com Flutter será um diferencial. ?? Atividades:Des…",2026-08-15T20:29:03Z,tech,desenvolvedor,2026-08-19,https://www.adzuna.com.br/details/5843651184?utm_medium=api&utm_source=1a779ec3,SQL
5843651184,Desenvolvedor,Não informado,"São Paulo, Estado de São Paulo",,,"Desenvolvedor - ?? Requisitos: ? Graduação completa em TI ou áreas correlatas; ? Experiência sólida em desenvolvimento de sistemas, e em metodologias ágeis; ? Experiência com linguagens e frameworks: VueJS, PHP (v. 4, 5, 7 e 8), Java, Javascript, Python e WordPress; ? Vivência com Docker,Kubernetes, Git, GitLab, Elasticsearch, Kibana, Logstash, Power BI; ? Experiência com bancos de dados: SQL Server, MySQL e PostgreSQL; ? Desenvolvimento mobile com Flutter será um diferencial. ?? Atividades:Des…",2026-08-15T20:29:03Z,tech,desenvolvedor,2026-08-19,https://www.adzuna.com.br/details/5843651184?utm_medium=api&utm_source=1a779ec3,Git
5843651184,Desenvolvedor,Não informado,"São Paulo, Estado de São Paulo",,,"Desenvolvedor - ?? Requisitos: ? Graduação completa em TI ou áreas correlatas; ? Experiência sólida em desenvolvimento de sistemas, e em metodologias ágeis; ? Experiência com linguagens e frameworks: VueJS, PHP (v. 4, 5, 7 e 8), Java, Javascript, Python e WordPress; ? Vivência com Docker,Kubernetes, Git, GitLab, Elasticsearch, Kibana, Logstash, Power BI; ? Experiência com bancos de dados: SQL Server, MySQL e PostgreSQL; ? Desenvolvimento mobile com Flutter será um diferencial. ?? Atividades:Des…",2026-08-15T20:29:03Z,tech,desenvolvedor,2026-08-19,https://www.adzuna.com.br/details/5843651184?utm_medium=api&utm_source=1a779ec3,Power BI
5843651184,Desenvolvedor,Não informado,"São Paulo, Estado de São Paulo",,,"Desenvolvedor - ?? Requisitos: ? Graduação completa em TI ou áreas correlatas; ? Experiência sólida em desenvolvimento de sistemas, e em metodologias ágeis; ? Experiência com linguagens e frameworks: VueJS, PHP (v. 4, 5, 7 e 8), Java, Javascript, Python e WordPress; ? Vivência com Docker,Kubernetes, Git, GitLab, Elasticsearch, Kibana, Logstash, Power BI; ? Experiência com bancos de dados: SQL Server, MySQL e PostgreSQL; ? Desenvolvimento mobile com Flutter será um diferencial. ?? Atividades:Des…",2026-08-15T20:29:03Z,tech,desenvolvedor,2026-08-19,https://www.adzuna.com.br/details/5843651184?utm_medium=api&utm_source=1a779ec3,Docker
5843651184,Desenvolvedor,Não informado,"São Paulo, Estado de São Paulo",,,"Desenvolvedor - ?? Requisitos: ? Graduação completa em TI ou áreas correlatas; ? Experiência sólida em desenvolvimento de sistemas, e em metodologias ágeis; ? Experiência com linguagens e frameworks: VueJS, PHP (v. 4, 5, 7 e 8), Java, Javascript, Python e WordPress; ? Vivência com Docker,Kubernetes, Git, GitLab, Elasticsearch, Kibana, Logstash, Power BI; ? Experiência com bancos de dados: SQL Server, MySQL e PostgreSQL; ? Desenvolvimento mobile com Flutter será um diferencial. ?? Atividades:Des…",2026-08-15T20:29:03Z,tech,desenvolvedor,2026-08-19,https://www.adzuna.com.br/details/5843651184?utm_medium=api&utm_source=1a779ec3,Kubernetes
5727218079,Desenvolvedor,GEX,Brasil,,," Nosso Jeito de Ser GEX O time da GEX é formado por pessoas com garra, que aprendem fazendo, se envolvem de verdade com o que entregam e levam o trabalho a sério. Nos movemos com o propósito de levar educação, saúde e qualidade de vida para milhares de pessoas ao redor do mundo, com responsabilidade, inovação e excelência. Aqui valorizamos quem propõe, executa e quer crescer junto. Se você busca um ambiente colaborativo, intenso e de alta performance, vem com a gente.  ‍ VAGA ABERTA Desenvolved…",2026-05-12T17:41:29Z,tech,desenvolvedor,2026-08-19,https://www.adzuna.com.br/details/5727218079?utm_medium=api&utm_source=1a779ec3,Excel
5813692999,DESENVOLVEDOR,IEL MT,"Cuiabá, Mato Grosso",,,"Desenvolver novos módulos e funcionalidades para os sistemas web da empresa; Realizar manutenção corretiva, preventiva e evolutiva das aplicações existentes; Desenvolver interfaces web modernas, responsivas e de alta performance; Desenvolver, documentar e manter APIs REST para integração entre sistemas; Implementar integrações com bancos de dados, serviços e APIs de terceiros; Realizar consultas, otimização e manutenção em bancos de dados PostgreSQL/PostGIS; Trabalhar com versionamento de códig…",2026-07-24T07:24:41Z,tech,desenvolvedor,2026-08-19,https://www.adzuna.com.br/details/5813692999?utm_medium=api&utm_source=1a779ec3,SQL
5817711063,Desenvolvedor,SAFE-E,"São Paulo, Estado de São Paulo",,,"Descrição Estamos em busca de um(a) profissional de Cloud DevOps para atuar na gestão, automação e evolução da nossa infraestrutura AWS, contribuindo para o desenvolvimento de uma plataforma enterprise escalável, resiliente e totalmente cloud-native.A pessoa será responsável por garantir alta disponibilidade, segurança, performance e eficiência dos ambientes, além de apoiar a implementação de boas práticas de infraestrutura como código, CI/CD e observabilidade. Responsabilidades e atribuições G…",2026-07-27T20:11:24Z,tech,desenvolvedor,2026-08-19,https://www.adzuna.com.br/details/5817711063?utm_medium=api&utm_source=1a779ec3,AWS
5844657138,Devops,Não informado,"São Paulo, Estado de São Paulo",,,"Devops - Atua como referência técnica dentro da equipa, apoiando o desenvolvimento dos colegas e garantindo a excelência operacional. Atua proativamente em cerimônias ágeis e na resolução de problemas estruturais. - Desenhar arquiteturas resilientes e escaláveis; - Definir boas práticas DevOps; - Responsável poriniciativas de performance e segurança; - Apoiar na orientaçãotécnica da equipa DevOps; - Colaborar com áreas de arquitetura e segurança; - Monitorar sistemas eresolver problemas; - Gara…",2026-08-16T20:15:31Z,tech,devops,2026-08-19,https://www.adzuna.com.br/details/5844657138?utm_medium=api&utm_source=1a779ec3,Excel
4934498888,Devops,As Consult,"São Paulo, Estado de São Paulo",,,"Senioridade : Sênior. (Ou um “plenior”, que tenha conhecimento e maturidade para nos apoiar com a construção do devops dentro da área de tech, pois hoje não temos alguém responsável por essa função) Requisitos técnicos : ● Experiência com AWS ● Repositório GitHub ● Diferencial ter experiência com Heroku",2024-11-11T09:39:20Z,tech,devops,2026-08-19,https://www.adzuna.com.br/details/4934498888?utm_medium=api&utm_source=1a779ec3,Git
4934498888,Devops,As Consult,"São Paulo, Estado de São Paulo",,,"Senioridade : Sênior. (Ou um “plenior”, que tenha conhecimento e maturidade para nos apoiar com a construção do devops dentro da área de tech, pois hoje não temos alguém responsável por essa função) Requisitos técnicos : ● Experiência com AWS ● Repositório GitHub ● Diferencial ter experiência com Heroku",2024-11-11T09:39:20Z,tech,devops,2026-08-19,https://www.adzuna.com.br/details/4934498888?utm_medium=api&utm_source=1a779ec3,AWS
5703998837,Vaga: Devops,Rino Box Solucoes Financeiras,Brasil,,,"Adicionar sinergia na força de venda de todo o portfólio Rinobox, resultando no incremento do faturamento total e por produto. Atividade: ? DevOps o Gestão conta AWS o Gestão Rede AWS o Conhecimentos de construção de infraestrutura de container (Kubernetes) Vaga de segunda a Sexta - Das 09h00 as 18h00. Bairro: Vila Mariana - Zona Sul/SP 100% PRESENCIAL Contratação: PJ Salário: A combinar",2026-04-18T18:06:22Z,tech,devops,2026-08-19,https://www.adzuna.com.br/details/5703998837?utm_medium=api&utm_source=1a779ec3,AWS
5703998837,Vaga: Devops,Rino Box Solucoes Financeiras,Brasil,,,"Adicionar sinergia na força de venda de todo o portfólio Rinobox, resultando no incremento do faturamento total e por produto. Atividade: ? DevOps o Gestão conta AWS o Gestão Rede AWS o Conhecimentos de construção de infraestrutura de container (Kubernetes) Vaga de segunda a Sexta - Das 09h00 as 18h00. Bairro: Vila Mariana - Zona Sul/SP 100% PRESENCIAL Contratação: PJ Salário: A combinar",2026-04-18T18:06:22Z,tech,devops,2026-08-19,https://www.adzuna.com.br/details/5703998837?utm_medium=api&utm_source=1a779ec3,Docker
5703998837,Vaga: Devops,Rino Box Solucoes Financeiras,Brasil,,,"Adicionar sinergia na força de venda de todo o portfólio Rinobox, resultando no incremento do faturamento total e por produto. Atividade: ? DevOps o Gestão conta AWS o Gestão Rede AWS o Conhecimentos de construção de infraestrutura de container (Kubernetes) Vaga de segunda a Sexta - Das 09h00 as 18h00. Bairro: Vila Mariana - Zona Sul/SP 100% PRESENCIAL Contratação: PJ Salário: A combinar",2026-04-18T18:06:22Z,tech,devops,2026-08-19,https://www.adzuna.com.br/details/5703998837?utm_medium=api&utm_source=1a779ec3,Kubernetes
5774037184,Devops,Rgk4It,Brasil,,,"DEVOPS Quer se candidatar a esta vaga? Descrição da Vaga • Automatizar processos de desenvolvimento, testes e implantação; • Implementar práticas de CI para garantir a integração regular e automática do código e CD para permitir a entrega contínua e automática de software; • Gerenciar a infraestrutura usando código para garantir consistência e replicabilidade; • Implementar e gerenciar contêineres, muitas vezes usando tecnologias como Docker e Kubernetes; • Configurar e manter ferramentas de mo…",2026-06-23T18:37:33Z,tech,devops,2026-08-19,https://www.adzuna.com.br/details/5774037184?utm_medium=api&utm_source=1a779ec3,Docker
5774037184,Devops,Rgk4It,Brasil,,,"DEVOPS Quer se candidatar a esta vaga? Descrição da Vaga • Automatizar processos de desenvolvimento, testes e implantação; • Implementar práticas de CI para garantir a integração regular e automática do código e CD para permitir a entrega contínua e automática de software; • Gerenciar a infraestrutura usando código para garantir consistência e replicabilidade; • Implementar e gerenciar contêineres, muitas vezes usando tecnologias como Docker e Kubernetes; • Configurar e manter ferramentas de mo…",2026-06-23T18:37:33Z,tech,devops,2026-08-19,https://www.adzuna.com.br/details/5774037184?utm_medium=api&utm_source=1a779ec3,Kubernetes
5501836482,DevOps,FEPWeb,"São Paulo, Estado de São Paulo",,," Nós somos a Fepweb, uma empresa Sinqia. Bem-vindo ao agora! Acreditamos que a inovação tecnológica inspira a evolução. Somos uma das empresas que mais crescem no Brasil, estamos no ranking do IDC como uma das 100 maiores Fintechs do Mundo  Além disso, nossa excelência em governança nos levou ao Novo Mercado da B3, um grupo seleto de empresas na bolsa de valores. Faça parte de uma empresa que foi reconhecida como uma das melhores empresas para se trabalhar pelo GPTW (Great Place To Work) e tem …",2025-11-18T13:50:50Z,tech,devops,2026-08-19,https://www.adzuna.com.br/details/5501836482?utm_medium=api&utm_source=1a779ec3,Excel
5740804477,DevOps Engineer,Pavago,Brasil,,,"DevOps Engineer (AWS, Kubernetes, CI/CD & Cloud Infrastructure) – Remote | U.S. Hours Position Type: Full-Time, Remote Working Hours: U.S. Client Business Hours (flexibility for deployments, incidents, and on-call rotations) About the Role At Pavago, one of our clients is hiring a DevOps Engineer to build, maintain, and optimize cloud infrastructure, deployment pipelines, and automation systems. This role is focused on: Cloud infrastructure CI/CD pipelines Kubernetes & containerization Monitori…",2026-05-25T20:08:27Z,tech,devops,2026-08-19,https://www.adzuna.com.br/details/5740804477?utm_medium=api&utm_source=1a779ec3,AWS
5740804477,DevOps Engineer,Pavago,Brasil,,,"DevOps Engineer (AWS, Kubernetes, CI/CD & Cloud Infrastructure) – Remote | U.S. Hours Position Type: Full-Time, Remote Working Hours: U.S. Client Business Hours (flexibility for deployments, incidents, and on-call rotations) About the Role At Pavago, one of our clients is hiring a DevOps Engineer to build, maintain, and optimize cloud infrastructure, deployment pipelines, and automation systems. This role is focused on: Cloud infrastructure CI/CD pipelines Kubernetes & containerization Monitori…",2026-05-25T20:08:27Z,tech,devops,2026-08-19,https://www.adzuna.com.br/details/5740804477?utm_medium=api&utm_source=1a779ec3,Docker
5740804477,DevOps Engineer,Pavago,Brasil,,,"DevOps Engineer (AWS, Kubernetes, CI/CD & Cloud Infrastructure) – Remote | U.S. Hours Position Type: Full-Time, Remote Working Hours: U.S. Client Business Hours (flexibility for deployments, incidents, and on-call rotations) About the Role At Pavago, one of our clients is hiring a DevOps Engineer to build, maintain, and optimize cloud infrastructure, deployment pipelines, and automation systems. This role is focused on: Cloud infrastructure CI/CD pipelines Kubernetes & containerization Monitori…",2026-05-25T20:08:27Z,tech,devops,2026-08-19,https://www.adzuna.com.br/details/5740804477?utm_medium=api&utm_source=1a779ec3,Kubernetes
5801479265,DevOps Engineer,Sur,"São Paulo, Estado de São Paulo",,,"We are looking for a DevOps Engineer with strong hands-on experience in CI/CD, Kubernetes, infrastructure automation, and basic observability. This person will support deployment workflows, containerized environments, platform reliability, and day-to-day DevOps operations. The ideal candidate is hands-on, proactive, comfortable working with engineering teams, and able to communicate clearly in English with international stakeholders. This role is best suited for someone who has built or maintai…",2026-07-15T16:06:08Z,tech,devops,2026-08-19,https://www.adzuna.com.br/details/5801479265?utm_medium=api&utm_source=1a779ec3,Docker
5801479265,DevOps Engineer,Sur,"São Paulo, Estado de São Paulo",,,"We are looking for a DevOps Engineer with strong hands-on experience in CI/CD, Kubernetes, infrastructure automation, and basic observability. This person will support deployment workflows, containerized environments, platform reliability, and day-to-day DevOps operations. The ideal candidate is hands-on, proactive, comfortable working with engineering teams, and able to communicate clearly in English with international stakeholders. This role is best suited for someone who has built or maintai…",2026-07-15T16:06:08Z,tech,devops,2026-08-19,https://www.adzuna.com.br/details/5801479265?utm_medium=api&utm_source=1a779ec3,Kubernetes
5838845048,DevOps Pleno,MIRANTE TECNOLOGIA,"São Paulo, Estado de São Paulo",,,"Cargo: Devops Pleno Tipo de contratação: PJ Modalidade: Hibrida 2x presencial e 3 remoto Local de Trabalho: bela vista-SP Formação: ensino superior Requisitos Obrigatórios/Tecnologia/Conhecimento necessários Principais atividades: Perfil Infra ongoing - Perfil generalista e hands on Fará parte do time de sustentação de Cloud Computing e devops, fará atendimento de chamados relacionados recursos de cloud, pipelines e ferramentas de CI/CD como azure devops, Jenkins e Bitbucket; atendimento de req…",2026-08-12T18:48:31Z,tech,devops,2026-08-19,https://www.adzuna.com.br/details/5838845048?utm_medium=api&utm_source=1a779ec3,Azure
5844656073,Engenheiro Devops,Não informado,"São Paulo, Estado de São Paulo",,,"Engenheiro Devops - Nossa especialidade é impulsionar as demandas de nossos clientes, integrando processos, pessoas e tecnologia de alta performance. Sobre o Cargo: CONSULTOR DEVOPS Responsabilidades e atribuições -Projetar e manter pipelines CI/CD robustos com validações automatizadas (unit, integration e security tests), aplicando práticas de GitFlow ou trunk-based development. -Automatizar provisionamento de ambientes cloud (IaaS/PaaS) com Terraform, CloudFormation ou scripts personalizados.…",2026-08-16T20:15:23Z,tech,devops,2026-08-19,https://www.adzuna.com.br/details/5844656073?utm_medium=api&utm_source=1a779ec3,Git
5844656350,Analista De Devops,Não informado,"São Paulo, Estado de São Paulo",,,"Analista De Devops - Gerenciar e automatizar infraestruturas na nuvem da AWS, garantindo escalabilidade, confiabilidade e segurança. Colaborar com equipes de desenvolvimento para garantir a implantação bem-sucedida de aplicativos na AWS. Configurar e monitorar sistemas, aplicativos e serviços na AWS, usando ferramentas como CloudWatch e outros sistemas de monitoramento. Implementar práticas de infraestrutura como código (IaC) usando ferramentas como Terraform ou AWS CloudFormation. Resolver pro…",2026-08-16T20:15:25Z,tech,devops,2026-08-19,https://www.adzuna.com.br/details/5844656350?utm_medium=api&utm_source=1a779ec3,AWS
4934596380,Devops SR,GSN,"São Paulo, Estado de São Paulo",,,Devops focado em operações; Administração de sistemas operacionais Microsoft e Linux; Powershell e Sheelscript; Gestão de recursos e serviços na Azure e AWS; Administração de ambientes de orquestração com Kubernets e Openshift; Docker.,2024-11-11T09:49:56Z,tech,devops,2026-08-19,https://www.adzuna.com.br/details/4934596380?utm_medium=api&utm_source=1a779ec3,AWS
4934596380,Devops SR,GSN,"São Paulo, Estado de São Paulo",,,Devops focado em operações; Administração de sistemas operacionais Microsoft e Linux; Powershell e Sheelscript; Gestão de recursos e serviços na Azure e AWS; Administração de ambientes de orquestração com Kubernets e Openshift; Docker.,2024-11-11T09:49:56Z,tech,devops,2026-08-19,https://www.adzuna.com.br/details/4934596380?utm_medium=api&utm_source=1a779ec3,Azure
4934596380,Devops SR,GSN,"São Paulo, Estado de São Paulo",,,Devops focado em operações; Administração de sistemas operacionais Microsoft e Linux; Powershell e Sheelscript; Gestão de recursos e serviços na Azure e AWS; Administração de ambientes de orquestração com Kubernets e Openshift; Docker.,2024-11-11T09:49:56Z,tech,devops,2026-08-19,https://www.adzuna.com.br/details/4934596380?utm_medium=api&utm_source=1a779ec3,Docker
5844656599,Devops Consultant,Não informado,"São Paulo, Estado de São Paulo",,,"Devops Consultant - Nossa especialidade é impulsionar as demandas de nossos clientes, integrando processos, pessoas e tecnologia de alta performance. Sobre o CargoResponsabilidades e atribuições-Projetar e manter pipelines CI/CD robustos com validações automatizadas (unit, integration e security tests), aplicando práticas de GitFlow ou trunk-based development. -Automatizar provisionamento de ambientes cloud (IaaS/PaaS) com Terraform, CloudFormation ou scripts personalizados. -Realizar o version…",2026-08-16T20:15:27Z,tech,devops,2026-08-19,https://www.adzuna.com.br/details/5844656599?utm_medium=api&utm_source=1a779ec3,Git
5844657360,Devops Engineer,Não informado,Brasil,,,"Devops Engineer - O(a) profissional será responsável por implementar, otimizar, automatizar e dar suporte a ambientes críticos em nuvem, garantindo alta disponibilidade, segurança e escalabilidade. Lotado em um cliente de rede de hospitais nacional. Requisitos obrigatórios - Experiência sólida como DevOps em ambiente AWS. - Experiencia em migração de workloads para nuvem utilizando serviços como: o AWS Database Migration Service (DMS) o AWS DataSync o AWS Aplication Migration Service - Certific…",2026-08-16T20:15:33Z,tech,devops,2026-08-19,https://www.adzuna.com.br/details/5844657360?utm_medium=api&utm_source=1a779ec3,AWS
5847365365,DevOps Pleno,Opencircle,"São Paulo, Estado de São Paulo",,,"Quem somos nós? A OpenCircle é uma empresa de tecnologia focada em soluções digitais ágeis que agregam valor ao dia a dia das organizações. Nosso propósito é promover o crescimento por meio da tecnologia. Somos pessoas e trabalhamos para pessoas. Amamos o que fazemos, crescemos e aprendemos juntos. O que fazemos? Somos um ecossistema de tecnologia e inovação, especializado em uma ampla gama de serviços que incluem Product Discovery, Product Design, Desenvolvimento Web & Mobile, Arquitetura de S…",2026-08-18T19:00:26Z,tech,devops,2026-08-19,https://www.adzuna.com.br/details/5847365365?utm_medium=api&utm_source=1a779ec3,Git
5830628217,DevOps Engineer,Kstack,"Barueri, Estado de São Paulo",,,"Estamos apoiando uma fintech com forte presença nacional , especializada em meios de pagamento, maquininhas de cartão e recargas digitais , que atua em mais de 1.700 localidades e tem como pilares inovação, escalabilidade e excelência na experiência do cliente . A empresa está ampliando seus investimentos em tecnologia e busca um(a) DevOps Engineer para fortalecer a cultura DevOps e garantir a entrega contínua, segura e eficiente de aplicações críticas.  Principais Responsabilidades Planejar, i…",2026-08-06T12:21:52Z,tech,devops,2026-08-19,https://www.adzuna.com.br/details/5830628217?utm_medium=api&utm_source=1a779ec3,Git
5830628217,DevOps Engineer,Kstack,"Barueri, Estado de São Paulo",,,"Estamos apoiando uma fintech com forte presença nacional , especializada em meios de pagamento, maquininhas de cartão e recargas digitais , que atua em mais de 1.700 localidades e tem como pilares inovação, escalabilidade e excelência na experiência do cliente . A empresa está ampliando seus investimentos em tecnologia e busca um(a) DevOps Engineer para fortalecer a cultura DevOps e garantir a entrega contínua, segura e eficiente de aplicações críticas.  Principais Responsabilidades Planejar, i…",2026-08-06T12:21:52Z,tech,devops,2026-08-19,https://www.adzuna.com.br/details/5830628217?utm_medium=api&utm_source=1a779ec3,Excel
5835717517,DevOps Engineer,Brasil Card Instituicao De Pagamentos,Brasil,,,"Missão do Cargo Estamos em busca de um(a) DevOps Engineer Sênior para atuar na construção e manutenção de pipelines CI/CD, orquestração de containers com Kubernetes e automação de infraestrutura. Você fará parte de um ambiente de produção de alta disponibilidade, com exigência de performance, segurança e escalabilidade, colaborando diretamente com os times de desenvolvimento e operações para garantir soluções eficientes e seguras. Principais Responsabilidades Definir, construir e manter pipelin…",2026-08-10T12:12:57Z,tech,devops,2026-08-19,https://www.adzuna.com.br/details/5835717517?utm_medium=api&utm_source=1a779ec3,Docker
5835717517,DevOps Engineer,Brasil Card Instituicao De Pagamentos,Brasil,,,"Missão do Cargo Estamos em busca de um(a) DevOps Engineer Sênior para atuar na construção e manutenção de pipelines CI/CD, orquestração de containers com Kubernetes e automação de infraestrutura. Você fará parte de um ambiente de produção de alta disponibilidade, com exigência de performance, segurança e escalabilidade, colaborando diretamente com os times de desenvolvimento e operações para garantir soluções eficientes e seguras. Principais Responsabilidades Definir, construir e manter pipelin…",2026-08-10T12:12:57Z,tech,devops,2026-08-19,https://www.adzuna.com.br/details/5835717517?utm_medium=api&utm_source=1a779ec3,Kubernetes
5847342773,DevOps - Joinville,OEmprego - Vagas Brasil,"Joinville, Santa Catarina",,,Administrar aplicações nos ambientes Heroku e Amazon AWS; Monitorar Logs (sentry) Sugerir melhoria em códigos (requisições que necessitam refatoração) Monitorar banco de dados PostgreSql; Sugerir melhorias para maior escala Cargo: DEVOPS - JOINVILLE | Salario: A combinar. | Ensino: Ensino médio. | Turno: Manhã e Tarde. | Area: Informática. | Experiência:. | Cidade: Joinville / SC,2026-08-18T18:58:10Z,tech,devops,2026-08-19,https://www.adzuna.com.br/details/5847342773?utm_medium=api&utm_source=1a779ec3,SQL
5847342773,DevOps - Joinville,OEmprego - Vagas Brasil,"Joinville, Santa Catarina",,,Administrar aplicações nos ambientes Heroku e Amazon AWS; Monitorar Logs (sentry) Sugerir melhoria em códigos (requisições que necessitam refatoração) Monitorar banco de dados PostgreSql; Sugerir melhorias para maior escala Cargo: DEVOPS - JOINVILLE | Salario: A combinar. | Ensino: Ensino médio. | Turno: Manhã e Tarde. | Area: Informática. | Experiência:. | Cidade: Joinville / SC,2026-08-18T18:58:10Z,tech,devops,2026-08-19,https://www.adzuna.com.br/details/5847342773?utm_medium=api&utm_source=1a779ec3,AWS
5754764785,Especialista DevOps,Sempre It,"Belo Horizonte, Minas Gerais",,,"Responsabilidades e atribuições: • Criar e manter pipelines CI/CD robustos e escaláveis, garantindo implantação segura e ágil. • Automatizar infraestrutura com Terraform, Ansible e Kubernetes. • Garantir observabilidade e monitoramento usando Prometheus, Grafana, Elastic Stack e ferramentas de APM. • Implementar segurança e conformidade (PCI DSS, HSM, criptografia, controle de acessos e auditorias). • Gerenciar clustes Kubernetes (EKS, OpenShift, AKS, GKE) e otimizá-los para alta performance e …",2026-06-06T17:49:39Z,tech,devops,2026-08-19,https://www.adzuna.com.br/details/5754764785?utm_medium=api&utm_source=1a779ec3,Kubernetes
5842123465,Analista Marketing Sr (Storymaker) | Salvador,Rede D'Or,"Salvador, Bahia",,,"Requisitos e qualificações Formação: Ensino superior completo em Comunicação, Marketing ou Publicidade e Propaganda; Com portifólio de Storymaker, competência para edição de vídeos e habilidades graficas; Domínio das Ferramentas Adobe (Ilustrator, Photoshop, Premier) After Effects, Editores como Capcut e IAs. Responsabilidades e atribuições Planejar e Executar as ações previstas no planejamento da área digital; Realizar a produção de peças digitais para divulgação dos serviços, corpo clínico, e…",2026-08-14T15:56:40Z,marketing,analista de marketing,2026-08-19,https://www.adzuna.com.br/land/ad/5842123465?se=wm8Ddd-b8RGQor-L2zKR7A&utm_medium=api&utm_source=1a779ec3&v=72A64B33B4DC4E52B346312606C3A8A177485B2A,Git
5847343396,Analista Marketing,OEmprego - Vagas Brasil,"São José, Santa Catarina",,,VOLTADA PARA O COMERCIAL E MARKETING DIGITAL HABILIDADES Conhecimento em photoshop e outros softwares gráficos Desenvolvimento de promoções e campanhas; área comercial Apoio para a implementação de ações planejadas Participa da criação de novos produtos ou serviços Acompanhamento e gerenciamento de redes sociais Acompanhamento de métricas e índices de performance Análise do retorno sobre os investimentos de marketing Planejamento para aumentar o tráfego orgânico e pago do site Organização de ev…,2026-08-18T18:58:14Z,marketing,analista de marketing,2026-08-19,https://www.adzuna.com.br/details/5847343396?utm_medium=api&utm_source=1a779ec3,Git
5841946106,Analista Marketing,Grupo Saga,Brasil,,,"ANALISTA MARKETING Quer se candidatar a esta vaga? Descrição da Vaga Descrição da Vaga FAÇA PARTE DA NOSSA CASA DE AMIGOS! Se você é apaixonado por carros, cultiva bons relacionamentos, é proativo, criativo e gosta de desafios, este é o lugar certo para você trabalhar. Buscamos profissionais dispostos a entregar o seu melhor, que tenham interesse constante por aprendizado e coloquem em prática valores éticos. ATIVIDADES: Planejar, executar e acompanhar campanhas de marketing digitais e offline,…",2026-08-14T12:31:44Z,marketing,analista de marketing,2026-08-19,https://www.adzuna.com.br/details/5841946106?utm_medium=api&utm_source=1a779ec3,Git
5845532092,ANALISTA MARKETING,Afonso França,"São Paulo, Estado de São Paulo",,,"Planejar, criar e enviar newsletters, garantindo comunicação eficiente com a base de contatos; Produzir conteúdos digitais, incluindo notícias, artigos e postagens para redes sociais e canais institucionais; Realizar edição de vídeos para campanhas, redes sociais e comunicação interna; Desenvolver e desdobrar peças visuais; Operar e otimizar campanhas utilizando o RD Station; Elaborar e analisar relatórios de performance, acompanhando métricas e propondo melhorias contínuas; Apoiar na execução …",2026-08-17T19:03:10Z,marketing,analista de marketing,2026-08-19,https://www.adzuna.com.br/details/5845532092?utm_medium=api&utm_source=1a779ec3,Git
5844525363,Analista Marketing,Sieg apoio administrativo,"Curitiba, Paraná",,,"Manter e organizar documentos de marketing, contratos, relatórios e arquivos digitais; Gerenciar agendas e calendários de reuniões, eventos e prazos importantes para a equipe de marketing; Agendar e preparar reuniões, incluindo a criação de agendas, a preparação de materiais e a coordenação de logística; Manter atualizados os sites, blogs e perfis de redes sociais da empresa; Registrar dados de campanhas de marketing, incluindo métricas de desempenho, feedback de clientes e análises de mercado;…",2026-08-16T18:55:08Z,marketing,analista de marketing,2026-08-19,https://www.adzuna.com.br/details/5844525363?utm_medium=api&utm_source=1a779ec3,Git
5750894034,Analista Marketing,Lunami Consultoria,"São Paulo, Estado de São Paulo",36000.0,37200.0,Gerenciar campanhas de marketing Coordenar estratégias de comunicação Acompanhar resultados de ações promocionais Colaborar com equipes internas para o desenvolvimento de conteúdo Requisitos Experiência em marketing digital Conhecimento em ferramentas de análise de dados Capacidade de trabalhar em equipe Boa comunicação escrita e oral Benefícios Day Off Convênio Médico Convênio Odontológico VR Total Pass A oportunidade de contribuir para o sucesso da Lunami Consultoria é uma chance de desenvolv…,2026-06-03T17:36:47Z,marketing,analista de marketing,2026-08-19,https://www.adzuna.com.br/details/5750894034?utm_medium=api&utm_source=1a779ec3,Git
5795989274,Analista Marketing,Confidencial,"Curitiba, Paraná",54000.0,60000.0,"Principais Responsabilidades: Criar e desenvolver peças gráficas para os canais digitais e offline da empresa, como posts para redes sociais, banners, apresentações, materiais promocionais, e-mails marketing, entre outros. Zelar pela identidade visual da marca, assegurando que todas as criações estejam alinhadas ao manual de marca e aos padrões de branding estabelecidos. Apoiar na evolução e atualização do branding da empresa, participando de projetos de redesign, criação de novos elementos vis…",2026-07-10T18:26:33Z,marketing,analista de marketing,2026-08-19,https://www.adzuna.com.br/details/5795989274?utm_medium=api&utm_source=1a779ec3,Git
5792809862,Analista Marketing,FM CONSULTING - CONSULTORIA EMPRESARIAL LTDA,"São Paulo, Estado de São Paulo",,,"Área e especialização profissional: Administração - Administração Geral Nível hierárquico: Operacional Local de trabalho: São Paulo, SP Regime de contratação de tipo Autônomo Jornada Período Integral Principais ResponsabilidadesPlanejamento: Desenvolver estratégias de marketing digital e tradicional alinhadas aos objetivos da empresa.Análise de Dados: Monitorar métricas e KPIs (como tráfego, conversão e retorno sobre investimento) para otimizar campanhas e gerar relatórios executivos.Inteligênc…",2026-07-08T12:47:39Z,marketing,analista de marketing,2026-08-19,https://www.adzuna.com.br/details/5792809862?utm_medium=api&utm_source=1a779ec3,Git
5798301909,Analista Marketing,Empresa com nome confidencial,Brasil,54000.0,60000.0,"Principais Responsabilidades: Criar e desenvolver peças gráficas para os canais digitais e offline da empresa, como posts para redes sociais, banners, apresentações, materiais promocionais, e-mails marketing, entre outros. Zelar pela identidade visual da marca, assegurando que todas as criações estejam alinhadas ao manual de marca e aos padrões de branding estabelecidos. Apoiar na evolução e atualização do branding da empresa, participando de projetos de redesign, criação de novos elementos vis…",2026-07-12T19:31:30Z,marketing,analista de marketing,2026-08-19,https://www.adzuna.com.br/details/5798301909?utm_medium=api&utm_source=1a779ec3,Git
5834737542,Analista Marketing,TranspoTech,"Blumenau, Santa Catarina",,,"Description Na TranspoTech, acreditamos que somos melhores juntos! Se você busca um lugar onde possa se desenvolver, ser ouvido e fazer parte de algo realmente transformador, queremos você com a gente. Aqui, você encontrará uma cultura dinâmica, com foco no cliente, foco no resultado, paixão pelo negócio e um time de pessoas comprometidas, que se dedicam a fazer a diferença todos os dias, sem medir esforços para servir com excelência e agilidade. Confira essa oportunidade e VemSerTranspotech!  …",2026-08-09T12:03:24Z,marketing,analista de marketing,2026-08-19,https://www.adzuna.com.br/details/5834737542?utm_medium=api&utm_source=1a779ec3,Excel
5834805259,Analista Marketing,TranspoTech,"Blumenau, Santa Catarina",,,"Description Na TranspoTech, acreditamos que somos melhores juntos! Se você busca um lugar onde possa se desenvolver, ser ouvido e fazer parte de algo realmente transformador, queremos você com a gente. Aqui, você encontrará uma cultura dinâmica, com foco no cliente, foco no resultado, paixão pelo negócio e um time de pessoas comprometidas, que se dedicam a fazer a diferença todos os dias, sem medir esforços para servir com excelência e agilidade. Confira essa oportunidade e VemSerTranspotech!  …",2026-08-09T12:46:23Z,marketing,analista de marketing,2026-08-19,https://www.adzuna.com.br/details/5834805259?utm_medium=api&utm_source=1a779ec3,Excel
5801741992,Analista Marketing,TrendRH Consulting,Brasil,,,"• Criar artes para redes sociais, campanhas publicitárias e materiais digitais. • Desenvolver banners, peças promocionais, anúncios e layouts • Criar e adaptar materiais gráficos para campanhas de marketing e vendas. • Garantir a padronização visual da marca em todos os materiais. • Editar e tratar imagens de produtos para divulgação. • Auxiliar na criação de identidade visual para campanhas e lançamentos. • Trabalhar em conjunto com a equipe de marketing e comercial para desenvolvimento de cam…",2026-07-15T18:52:04Z,marketing,analista de marketing,2026-08-19,https://www.adzuna.com.br/details/5801741992?utm_medium=api&utm_source=1a779ec3,Git
5847407093,Analista Marketing,VRH SERVIÇOS,"Americana, Estado de São Paulo",,,"Responsabilidades: Desenvolver e implementar estratégias de marketing, análises de mercado para identificar tendências, colaborar com a criação de campanhas de mkt integradas, mídia social e marketing digital. Gerenciar o relacionamento com agências de publicidade, fornecedores e parceiros estratégicos. Requisitos: Formação em Marketing, Publicidade, Comunicação ou áreas correlatas. Experiência na área de marketing, conhecimento em técnicas e ferramentas de marketing, pesquisas de mercado, bran…",2026-08-18T19:04:08Z,marketing,analista de marketing,2026-08-19,https://www.adzuna.com.br/details/5847407093?utm_medium=api&utm_source=1a779ec3,Git
5798082888,"Analista Júnior de Comunicação, Marketing Digital e Relacionamento Institucional",DPM41,"Belo Horizonte, Minas Gerais",,,"Grupo de empresas está contratando profissional para cuidar da presença digital, da imagem institucional e da comunicação criativa com clientes, parceiros e órgãos públicos.  Local: Belo Horizonte/MG  Modelo: Presencial Principais responsabilidades Administrar as redes sociais das empresas do grupo; Planejar e produzir conteúdos para Instagram, LinkedIn e demais canais digitais; Cuidar da presença das empresas no Google e na internet em geral; Atualizar informações, imagens, publicações e perfi…",2026-07-12T15:04:48Z,marketing,marketing digital,2026-08-19,https://www.adzuna.com.br/land/ad/5798082888?se=kK-Vdd-b8RGvGrvTGRxIcA&utm_medium=api&utm_source=1a779ec3&v=4BC719DB5FFFF77DFC25D995488C7FCB993499FB,Git
5847285369,Marketing Digital,TRAFBOR,"Bom Jesus dos Perdões, Estado de São Paulo",,,"Marketing Digital Procuramos um(a) profissional de Marketing Digital para integrar nosso time e liderar a criação, gestão e execução de estratégias de comunicação e vendas nos canais online. Responsabilidades - Criação, edição e tratamento de imagens e materiais gráficos. - Elaboração de catálogos digitais e impressos. - Gestão e atualização do site institucional e e-commerce. - Criação e gerenciamento de campanhas em redes sociais (Instagram, Facebook, LinkedIn, etc.). - Apoio na gestão de mar…",2026-08-18T18:52:38Z,marketing,marketing digital,2026-08-19,https://www.adzuna.com.br/details/5847285369?utm_medium=api&utm_source=1a779ec3,Git
4931985617,Marketing Digital,Não informado,"Rio de Janeiro, Estado do Rio de Janeiro",,,"EMPRESA: Confidencial NEGCIO: Marketing Digital LOCAL: Home Office CONTRATAO: PJ (necessrio ser MEI) CARGO: Gesto de Contedo Digital ATRIBUIES: Avaliar e propor o contedo a ser produzido e fazer o planejamento em cada Rede Social de acordo com a Estratgia definida Acompanhar resultados das aes de marketing para sugerir alteraes. Coordenar equipe de Redes Sociais, acompanhando desempenho individual de produtividade da equipe. Elaborar e apresentar relatrios. Experincia estratgias de mensurao de …",2024-11-08T21:08:38Z,marketing,marketing digital,2026-08-19,https://www.adzuna.com.br/details/4931985617?utm_medium=api&utm_source=1a779ec3,Git
5847301316,Marketing Digital,Innovate RH,"Teresina, Piaui",,,"Estamos em busca de uma pessoa criativa, proativa e focada em resultados para promover nossa marca nas redes sociais e outras plataformas digitais. - Principais Atividades: Criar artes e vídeos para redes sociais e campanhas. Cuidar do tráfego pago (Meta Ads, Google Ads etc.). Analisar resultados das campanhas e propor melhorias. Acompanhar tendências e planejar ações para aumentar o alcance da marca. Utilizar ferramentas como Photoshop, Corel Draw, Canva, CapCut, After Effects (ou similares). …",2026-08-18T18:54:02Z,marketing,marketing digital,2026-08-19,https://www.adzuna.com.br/details/5847301316?utm_medium=api&utm_source=1a779ec3,Git
5847301316,Marketing Digital,Innovate RH,"Teresina, Piaui",,,"Estamos em busca de uma pessoa criativa, proativa e focada em resultados para promover nossa marca nas redes sociais e outras plataformas digitais. - Principais Atividades: Criar artes e vídeos para redes sociais e campanhas. Cuidar do tráfego pago (Meta Ads, Google Ads etc.). Analisar resultados das campanhas e propor melhorias. Acompanhar tendências e planejar ações para aumentar o alcance da marca. Utilizar ferramentas como Photoshop, Corel Draw, Canva, CapCut, After Effects (ou similares). …",2026-08-18T18:54:02Z,marketing,marketing digital,2026-08-19,https://www.adzuna.com.br/details/5847301316?utm_medium=api&utm_source=1a779ec3,Google Ads
5810517425,Consultor Comercial - WXW Marketing Digital - MARKETING DIGITAL,I AM RH Consultoria,"Aracaju, Sergipe",,,"Área e especialização profissional: Comercial, Vendas - Venda Externa Nível hierárquico: Consultor Local de trabalho: Aracaju, SE Regime de contratação de tipo Efetivo – CLT Jornada Período Integral RESPONSABILIDADES: Vendas de Serviços da agência WXW Dogital; Prospectar clientes Apresentar soluções digitais Fortalecer o relacionamento com clientes Participar de reuniões Emitir relatórios de visitas diários Comparecer a eventos quando necessário, Habilidades em lidar com público _______________…",2026-07-22T05:06:24Z,marketing,marketing digital,2026-08-19,https://www.adzuna.com.br/details/5810517425?utm_medium=api&utm_source=1a779ec3,Git
5702964179,Assistente de Marketing Digital,Madder Marketing Digital,"Castelo, Belo Horizonte",,,"Somos uma agência de marketing digital que desde 2012 ajuda pequenas e médias empresas a aumentarem suas vendas através de estratégias de marketing digital, inbound marketing e geração de leads. Atendemos empresas de diversos segmentos com foco em estratégia, performance e resultados reais de negócio . Estamos buscando um Assistente de Marketing Digital para apoiar a execução das estratégias de marketing dos nossos clientes. O que você vai fazer Apoiar no atendimento e acompanhamento de cliente…",2026-04-17T18:07:31Z,marketing,marketing digital,2026-08-19,https://www.adzuna.com.br/details/5702964179?utm_medium=api&utm_source=1a779ec3,Git
5749553035,Analista de Marketing Digital,SORRIA EMPREENDIMENTOS E PARTICIPACOES S/S LTDA,"São Bernardo do Campo, Estado de São Paulo",48000.0,60000.0,A oportunidade de ser Analista de Marketing Digital na SORRIA EMPREENDIMENTOS E PARTICIPACOES S/S LTDA é uma chance única de contribuir para o crescimento da empresa. Funções Gerenciar campanhas de marketing digital Coordenar estratégias de SEO e SEM Acompanhar e analisar métricas de performance Colaborar com equipes internas para o desenvolvimento de conteúdo Requisitos Experiência em marketing digital Conhecimento em ferramentas de análise de dados Capacidade de criar e implementar estratégia…,2026-06-02T17:36:46Z,marketing,marketing digital,2026-08-19,https://www.adzuna.com.br/details/5749553035?utm_medium=api&utm_source=1a779ec3,Git
5749553035,Analista de Marketing Digital,SORRIA EMPREENDIMENTOS E PARTICIPACOES S/S LTDA,"São Bernardo do Campo, Estado de São Paulo",48000.0,60000.0,A oportunidade de ser Analista de Marketing Digital na SORRIA EMPREENDIMENTOS E PARTICIPACOES S/S LTDA é uma chance única de contribuir para o crescimento da empresa. Funções Gerenciar campanhas de marketing digital Coordenar estratégias de SEO e SEM Acompanhar e analisar métricas de performance Colaborar com equipes internas para o desenvolvimento de conteúdo Requisitos Experiência em marketing digital Conhecimento em ferramentas de análise de dados Capacidade de criar e implementar estratégia…,2026-06-02T17:36:46Z,marketing,marketing digital,2026-08-19,https://www.adzuna.com.br/details/5749553035?utm_medium=api&utm_source=1a779ec3,SEO
5752447716,Analista de Marketing Digital,Sorria Empreendimentos E Participacoes S/S,"São Bernardo do Campo, Estado de São Paulo",48000.0,60000.0,A oportunidade de ser Analista de Marketing Digital na SORRIA EMPREENDIMENTOS E PARTICIPACOES S/S LTDA é uma chance única de contribuir para o crescimento da empresa. Funções Gerenciar campanhas de marketing digital Coordenar estratégias de SEO e SEM Acompanhar e analisar métricas de performance Colaborar com equipes internas para o desenvolvimento de conteúdo Requisitos Experiência em marketing digital Conhecimento em ferramentas de análise de dados Capacidade de criar e implementar estratégia…,2026-06-04T18:33:42Z,marketing,marketing digital,2026-08-19,https://www.adzuna.com.br/details/5752447716?utm_medium=api&utm_source=1a779ec3,Git
5752447716,Analista de Marketing Digital,Sorria Empreendimentos E Participacoes S/S,"São Bernardo do Campo, Estado de São Paulo",48000.0,60000.0,A oportunidade de ser Analista de Marketing Digital na SORRIA EMPREENDIMENTOS E PARTICIPACOES S/S LTDA é uma chance única de contribuir para o crescimento da empresa. Funções Gerenciar campanhas de marketing digital Coordenar estratégias de SEO e SEM Acompanhar e analisar métricas de performance Colaborar com equipes internas para o desenvolvimento de conteúdo Requisitos Experiência em marketing digital Conhecimento em ferramentas de análise de dados Capacidade de criar e implementar estratégia…,2026-06-04T18:33:42Z,marketing,marketing digital,2026-08-19,https://www.adzuna.com.br/details/5752447716?utm_medium=api&utm_source=1a779ec3,SEO
5847383469,Gerente de Marketing Digital,[R&S] Docg - Novo Negócio - Levantada de Mão,"Curitiba, Paraná",,,"Responsabilidades e atribuições - Desenvolver e implementar estratégias de marketing digital que aumentem a presença online da empresa, atraiam novos clientes e maximizem o retorno sobre o investimento (ROI). - Gerenciar campanhas de SEO e SEM para melhorar o posicionamento nos motores de busca e aumentar o tráfego orgânico e pago. - Coordenar a criação e distribuição de conteúdo de marketing digital, incluindo blogs, e-books, infográficos, vídeos e postagens em redes sociais. - Administrar as …",2026-08-18T19:01:59Z,marketing,marketing digital,2026-08-19,https://www.adzuna.com.br/details/5847383469?utm_medium=api&utm_source=1a779ec3,Git
5847383469,Gerente de Marketing Digital,[R&S] Docg - Novo Negócio - Levantada de Mão,"Curitiba, Paraná",,,"Responsabilidades e atribuições - Desenvolver e implementar estratégias de marketing digital que aumentem a presença online da empresa, atraiam novos clientes e maximizem o retorno sobre o investimento (ROI). - Gerenciar campanhas de SEO e SEM para melhorar o posicionamento nos motores de busca e aumentar o tráfego orgânico e pago. - Coordenar a criação e distribuição de conteúdo de marketing digital, incluindo blogs, e-books, infográficos, vídeos e postagens em redes sociais. - Administrar as …",2026-08-18T19:01:59Z,marketing,marketing digital,2026-08-19,https://www.adzuna.com.br/details/5847383469?utm_medium=api&utm_source=1a779ec3,SEO
5704761578,Estágio em Marketing Digital,Union Recursos Humanos,Brasil,,,"O estagiário em marketing digital terá a oportunidade de participar ativamente das estratégias digitais da empresa, contribuindo para a ampliação da presença online e engajamento com o público-alvo. Este estágio proporcionará experiência prática em diversas áreas do marketing digital.",2026-04-19T17:32:43Z,marketing,marketing digital,2026-08-19,https://www.adzuna.com.br/details/5704761578?utm_medium=api&utm_source=1a779ec3,Git
5835713813,Assistente de Marketing Digital,Meet Recrutamento e Seleção,Brasil,,,"Oportunidade de Carreira como Assistente de Marketing Digital Estamos em busca de um profissional dinâmico e criativo para se juntar ao nosso time de marketing digital. A função de Assistente de Marketing Digital é fundamental para o crescimento e a visibilidade da nossa imobiliária. O candidato ideal deverá ter uma forte habilidade em redes sociais, com uma compreensão profunda das estratégias de marketing digital que impulsionam resultados. Você será responsável por gerenciar e otimizar nossa…",2026-08-10T12:09:08Z,marketing,marketing digital,2026-08-19,https://www.adzuna.com.br/details/5835713813?utm_medium=api&utm_source=1a779ec3,Git
5822471849,Assistente de Marketing Digital,Live,Brasil,,,"A LIVE! está buscando um profissional dinâmico e comprometido para assumir a posição de Assistente de Marketing Digital em nossa empresa. Requisitos: Cursando Superior em Marketing, Comunicação, Publicidade ou áreas correlatas; Desejável experiência anterior em estágio ou função de apoio em marketing digital; Conhecimento em fundamentos de marketing digital, redes sociais e ferramentas de publicação; Atividades: Executar programação e publicação de conteúdos nas redes sociais e plataformas digi…",2026-07-31T12:31:40Z,marketing,marketing digital,2026-08-19,https://www.adzuna.com.br/details/5822471849?utm_medium=api&utm_source=1a779ec3,Git
5847345956,Analista de Marketing Digital,GS soluçoes em RH,"Balneário Camboriú, Santa Catarina",,,"Vaga: Analista Sênior de Marketing Digital Salário: A combinar 100%Remoto Contratação PJ Requisitos: Experiência sólida em marketing digital; Conhecimento e prática em e-commerce e dropshipping; Diferenciais Familiaridade com a plataforma ActiveCampaign; Conhecimento com a plataforma Klaviyo; Boa comunicação e experiência em liderança. Principais Responsabilidades: Gerenciar e otimizar o Active Campaign, incluindo criação e análise de fluxos de automação, campanhas semanais e melhorias contínua…",2026-08-18T18:58:34Z,marketing,marketing digital,2026-08-19,https://www.adzuna.com.br/details/5847345956?utm_medium=api&utm_source=1a779ec3,Git
5820193192,Assistente de Marketing Digital,LIVE!,"Jaraguá do Sul, Santa Catarina",,,"A LIVE! está buscando um profissional dinâmico e comprometido para assumir a posição de Assistente de Marketing Digital em nossa empresa. Requisitos: Cursando Superior em Marketing, Comunicação, Publicidade ou áreas correlatas; Desejável experiência anterior em estágio ou função de apoio em marketing digital; Conhecimento em fundamentos de marketing digital, redes sociais e ferramentas de publicação; Atividades: Executar programação e publicação de conteúdos nas redes sociais e plataformas digi…",2026-07-29T18:34:01Z,marketing,marketing digital,2026-08-19,https://www.adzuna.com.br/details/5820193192?utm_medium=api&utm_source=1a779ec3,Git
5830573315,Coordenadora de Marketing Digital,Planeta Kids Eventos,"Jardim São Paulo, Zona Norte",60000.0,84000.0,"Gerenciar a criação de conteúdo para diversos canais digitais; Liderar a priorização e entregas uma equipe de 4 profissionais e agência prestadora de serviços; Planejar e executar processos e fluxos de inbound marketing; Conhecimento prático em trafego pago (Analisar dados e ajustar estratégias, testar campanhas para otimizá-las e gerar mais conversões, segmentar o público para o qual o anúncio será veiculado); Liderar estratégias de marketing digital focadas em serviços B2C; Identificar oportu…",2026-08-06T11:51:26Z,marketing,marketing digital,2026-08-19,https://www.adzuna.com.br/details/5830573315?utm_medium=api&utm_source=1a779ec3,Git
5822025196,Assistente de Marketing Digital,Não informado,"Jaraguá do Sul, Santa Catarina",,,"Empresa do vestuário que desenvolve e confecciona roupas esportivas e moda praia admite profissional para: - Executar programação e publicação de conteúdos nas redes sociais e plataformas digitais da marca; - Monitorar interações e responder mensagens e comentários com linguagem alinhada à marca; - Organizar briefings, pastas e fluxos de demandas do time de marketing digital; - Apoiar a produção de conteúdo (posts, banners, páginas, vídeos e materiais digitais); - Acompanhar o calendário digita…",2026-07-31T02:15:46Z,marketing,marketing digital,2026-08-19,https://www.adzuna.com.br/details/5822025196?utm_medium=api&utm_source=1a779ec3,Git
5705506945,Analista de Marketing Digital,Brasil Card Instituicao De Pagamentos,Brasil,,,"ATIVIDADES: • Planejar e executar a estratégia de marketing digital da Bolt Card; • Gerar oportunidades comerciais e ampliar a presença digital por meio de ações orientadas por dados, performance e inovação; • Acompanhar as estratégias de marketing da empresa terceirizada; • E outras atividades necessárias da área. FORMAÇÃO ACADÊMICA: • Superior Completo em Marketing ou áreas relacionadas. REQUISITOS: • Experiência em marketing digital; • Vivência com empresas B2B; • Experiência com geração de …",2026-04-20T18:14:43Z,marketing,marketing digital,2026-08-19,https://www.adzuna.com.br/details/5705506945?utm_medium=api&utm_source=1a779ec3,Git
5767399647,Analista de Marketing Digital,Häfele Brasil Ltda.,"Piraquara, Paraná",,,"Candidate-se rapidamente pelo email: vaga-373379@vagas.abler.in Requisitos e qualificações: Experiência mínima de 1 ano na função ou em marketing digital; Ensino superior completo em Marketing Digital, Publicidade, Comunicação ou áreas correlatas; Experiência com gestão de campanhas Google Ads e Meta Ads Conhecimento em ferramentas como Google Analytics, Search Console, Tag Manager e Google Trends Conhecimento em SEO e Copywriting para conteúdo digital Familiaridade com HTML e CSS (básico/inter…",2026-06-17T21:58:34Z,marketing,marketing digital,2026-08-19,https://www.adzuna.com.br/details/5767399647?utm_medium=api&utm_source=1a779ec3,Machine Learning
5767399647,Analista de Marketing Digital,Häfele Brasil Ltda.,"Piraquara, Paraná",,,"Candidate-se rapidamente pelo email: vaga-373379@vagas.abler.in Requisitos e qualificações: Experiência mínima de 1 ano na função ou em marketing digital; Ensino superior completo em Marketing Digital, Publicidade, Comunicação ou áreas correlatas; Experiência com gestão de campanhas Google Ads e Meta Ads Conhecimento em ferramentas como Google Analytics, Search Console, Tag Manager e Google Trends Conhecimento em SEO e Copywriting para conteúdo digital Familiaridade com HTML e CSS (básico/inter…",2026-06-17T21:58:34Z,marketing,marketing digital,2026-08-19,https://www.adzuna.com.br/details/5767399647?utm_medium=api&utm_source=1a779ec3,Git
5767399647,Analista de Marketing Digital,Häfele Brasil Ltda.,"Piraquara, Paraná",,,"Candidate-se rapidamente pelo email: vaga-373379@vagas.abler.in Requisitos e qualificações: Experiência mínima de 1 ano na função ou em marketing digital; Ensino superior completo em Marketing Digital, Publicidade, Comunicação ou áreas correlatas; Experiência com gestão de campanhas Google Ads e Meta Ads Conhecimento em ferramentas como Google Analytics, Search Console, Tag Manager e Google Trends Conhecimento em SEO e Copywriting para conteúdo digital Familiaridade com HTML e CSS (básico/inter…",2026-06-17T21:58:34Z,marketing,marketing digital,2026-08-19,https://www.adzuna.com.br/details/5767399647?utm_medium=api&utm_source=1a779ec3,Google Ads
5767399647,Analista de Marketing Digital,Häfele Brasil Ltda.,"Piraquara, Paraná",,,"Candidate-se rapidamente pelo email: vaga-373379@vagas.abler.in Requisitos e qualificações: Experiência mínima de 1 ano na função ou em marketing digital; Ensino superior completo em Marketing Digital, Publicidade, Comunicação ou áreas correlatas; Experiência com gestão de campanhas Google Ads e Meta Ads Conhecimento em ferramentas como Google Analytics, Search Console, Tag Manager e Google Trends Conhecimento em SEO e Copywriting para conteúdo digital Familiaridade com HTML e CSS (básico/inter…",2026-06-17T21:58:34Z,marketing,marketing digital,2026-08-19,https://www.adzuna.com.br/details/5767399647?utm_medium=api&utm_source=1a779ec3,SEO
5843159643,Analista de Marketing Digital,Brivia,"São Paulo, Estado de São Paulo",,,"Buscamos uma pessoa Analista de Marketing Digital Júnior para fazer parte da Elementar Digital, startup especializada em otimização de marketing digital que integra o ecossistema Brivia_Group. Embora faça parte do grupo, a Elementar mantém sua cultura, operação e processos próprios, atuando de forma ágil, orientada por dados e focada em performance. Somos apaixonados por resultados, acreditamos em decisões baseadas em dados e buscamos pessoas curiosas, analíticas e que gostem de aprender contin…",2026-08-15T12:17:33Z,marketing,marketing digital,2026-08-19,https://www.adzuna.com.br/details/5843159643?utm_medium=api&utm_source=1a779ec3,Git
5834949572,Estágio em Marketing Digital,ANJO DO RH,"Cachoeiras de Macacu, Estado do Rio de Janeiro",,,"Estamos contratando para uma empresa brasileira de tecnologia focada em cibersegurança e proteção digital, está em busca de um(a) Estagiário(a) de Marketing com interesse em marketing digital, produção de conteúdo e estratégias de crescimento. Essa é uma oportunidade para quem deseja desenvolver carreira em marketing digital moderno, combinando comunicação, análise de dados e estratégias de aquisição de usuários. O que você irá aprender e desenvolver - Produção de conteúdo estratégico para cana…",2026-08-09T18:36:48Z,marketing,marketing digital,2026-08-19,https://www.adzuna.com.br/details/5834949572?utm_medium=api&utm_source=1a779ec3,Git
5725320565,Assistente de Marketing Digital,RBL Distribuidora,"Barroso, Fortaleza",,,"Assistente de Marketing Digital (presencial) Requisitos: Cursando Publicidade e Propaganda, Marketing e Comunicação Social a partir do 6º semestre; Familiaridade com edição de vídeos (Capcut, InShot); Boa escrita e domínio da lingua portuguesa; Noções de Copywriting, storytelling e marketing digital. Atribuições: Criar e editar vídeos curtos (Reels, Tiktok, Shorts); Apoiar a criação e execução de conteúdos para redes sociais; Pesquisaar tendências, formatos e linguagens em alta; Autonomia e apr…",2026-05-10T17:40:56Z,marketing,marketing digital,2026-08-19,https://www.adzuna.com.br/details/5725320565?utm_medium=api&utm_source=1a779ec3,Git
